item,qty,spec,supplier,unit_cost_usd,make_buy,notes
1 Capstan frame (flat-pack),1,"Two welded side frames and four bolted cross members: 40 x 40 x 2 mm steel square tube (S235 or S275) about 8.2 m for rails, posts, pad posts, braces, cross rails and the top tie; 40 x 40 x 3 mm tube 0.52 m for the anchor bar; 8 mm plate for two bearing pads (180 x 50), two top plates (150 x 60) and eight cross member end plates (two 100 x 40 per cross rail, two 40 x 110 for the top tie, two 78 x 104 for the anchor bar); 10 mm plate for the anchor eye; 6 mm plate for two pawl brackets; 12 mm bright bar for two pawl pins; 33.7 x 3.2 mm tube for four stake tubes 80 mm long; 3 mm flat for two guard tabs",Local steel stockholder,72.00,make,"Indicative material price: USD 62 for the welded frame as before plus USD 10 for the eight end plates (about 0.03 m2 of 8 mm plate, about USD 6) and drilling 24 bolt holes (about USD 4); side frames 9.2 and 9.6 kg, cross members 8.0 kg in all (cad/src/model.py); bolted with line 21 (SLH-DDR-003)"
2 Winding drum with ratchet wheels,1,"Steel tube 219.1 x 3.0 mm, 487 mm long; three flange rings 280 mm OD from 4 mm plate; two 4 mm end discs with six 50 mm lightening holes; 30 mm bright steel shaft (S355 or EN8) 671 mm long; two 24-tooth ratchet wheels 180 mm OD from 6 mm plate (plasma or laser cut); collars from 44 mm tube; two rope clamp blocks with U-bolts",Local steel stockholder and profile cutter,98.00,make,Indicative price including profile cutting of the ratchet wheels; 19.0 kg; the big sprocket (line 6) is welded on its hub at the -Y end
3 Drum bearings,2,"Pillow block ball bearing UCP206, 30 mm bore, cast housing, grease nipple, M14 fixing bolts (in line 21)",Bearing or power transmission distributor,14.00,buy,Indicative price; 2.0 kg each; static rating about 11 kN against 3.3 kN at the overload limit (SLH-CAL-001)
4 Crank shaft bearings,2,"Pillow block ball bearing UCP205, 25 mm bore, cast housing, M12 fixing bolts (in line 21)",Bearing or power transmission distributor,12.00,buy,Indicative price
5 Crank shaft and cranks,1,"25 mm bright steel shaft (S355 or EN8) 689 mm long with a 4 mm cross hole for the shear pin; two crank arms from 40 x 10 mm flat bar, 250 mm between centres; two 32 mm handle tubes 120 mm long turning on M12 bolts; two shaft collars",Local steel stockholder,26.00,make,Indicative price; cranks set 180 degrees apart
6 Sprocket pair ISO 08B-1,1,"12-tooth sprocket with plain bore for a 36 mm hub; 48-tooth plate wheel, pitch diameter 194 mm, bored 30 mm; both 12.7 mm (1/2 in) pitch simplex",Power transmission distributor,47.00,buy,Indicative price; 4:1 reduction; small sprocket welded to a 36 mm hub that turns on the crank shaft and is driven through the shear pin
7 Roller chain ISO 08B-1,1,"Simplex roller chain 12.7 mm pitch, minimum breaking load 17.8 kN, 1.75 m with one connecting link",Power transmission distributor,20.00,buy,Indicative price; 3.5 kN at the overload limit gives a factor of 5.0 (SLH-CAL-001)
8 Pawls,2,Pawls profile cut from 8 mm steel plate with a 12 mm pivot hole and a thumb tab; two R-clips and washers; one light spring,Local profile cutter,8.00,make,Indicative price; one pawl holds each direction
9 Chain guard,1,"Closed guard round the chain and both sprockets: 1.5 mm steel sheet sides and a wrapped 1.5 mm band, 20 mm deep inside; shaft holes 4 to 5 mm clear; two M6 screws to the guard tabs",Local fabricator or self made,20.00,make,Indicative price; nothing can reach the chain or sprockets with the guard on
10 Shear pins,20,"4 mm round bar, S235 mild steel (not hardened), cut 44 mm long; with a split pin each",Local steel stockholder or fastener supplier,0.30,buy,Indicative price; releases at about 2.5 kN rope tension (SLH-CAL-001); spare pins on a tag chain at the capstan
11 Ground stakes,4,"25 mm round steel bar 600 mm long, pointed, with a 32 mm washer welded on as a head",Local steel stockholder,6.00,make,Indicative price; stop the frame skating sideways; not counted as the anchor (SLH-DDR-001)
12 Anchor sling set,1,"Polyester round sling WLL 2,000 kg, 3 m effective length; two bow shackles WLL 1,000 kg with 19 mm pins; tree protector strap",Lifting gear supplier,56.00,buy,Indicative price; the sling pulls level with the drum axis (anchor point no higher than 500 mm)
13 Tail plate with pins and keeper,1,10 mm steel plate 300 x 440 with four 13 mm anchor holes; two 25 mm bright bar pins welded in; two spacer tubes 32 mm OD; 6 mm keeper bar 40 wide with two 25 mm holes; R-clips,Local steel stockholder,36.00,make,Indicative price; 11.3 kg with spacers and keeper
14 Tail sheaves,2,"Steel rope sheave 125 mm pitch diameter for 10 to 12 mm fibre rope, 140 mm OD, 30 mm wide, ball bearing or bronze bush, 25 mm bore, rated at least 1,000 kg",Rigging or hardware supplier,22.00,buy,Indicative price
15 Floor anchors,10,"M12 wedge anchor for sound concrete, 80 mm embedment, zinc plated, with washer and nut (4 in use and 6 spare)",Fastener supplier,1.80,buy,Indicative price; needs a 12 mm masonry drill and a sound concrete slab at least 100 mm thick
16 Rope,62,"10 mm polyester double braid, minimum breaking strength at least 18 kN, low stretch; cut into a 17 m pull rope (box 1 to the drum), a 17 m return rope (box 2 to the drum) and three tail ropes of 12.5, 9 and 6 m that join the two boxes round the tail sheaves, each with an eye splice at both ends",Rope or chandlery supplier,1.30,buy,"Indicative price per metre including an allowance for splicing; 7 m more than the single-box kit (USD 9.10) at the same USD 1.30 a metre; eye splices keep about 90 % of the rope strength; the tail rope used is chosen for the room (SLH-BLD-001, step 13)"
17 Scraper boxes,2,"Each: 2 mm steel sheet for floor, sides and sloped back (about 1.2 m2 with waste); 8 x 50 mm flat bar for the cutting lip; 8 x 25 mm flat bar for two skids; 10 mm plate for four bridle lugs; 33.7 x 3.2 mm tube for the tipping bar socket",Local steel stockholder,80.00,make,"Indicative price each: the first 446 mm box was USD 78 for about 1.0 m2 of sheet; the narrow box uses about 20 % more sheet but a shorter lip, so USD 80; 16.1 kg each; inside 210 x 845 x 280 mm; rated 40.3 L at a 245 mm fill; box 1 on the pull rope, box 2 on the return rope (SLH-DDR-003)"
18 Tipping bar,1,26.9 x 2.6 mm steel tube 900 mm long with plastic end caps,Local steel stockholder,6.00,make,Indicative price; one bar serves both boxes; loose; drops into a box's socket only at the dump point
19 Doorway ramp,1,Two cheeks of 18 mm exterior plywood 840 x 330; two deck trays of 3 mm steel sheet 610 wide with 30 mm side flanges; crest roller of 60.3 x 3.6 mm steel tube 600 long with two nylon end bushes; 20 mm bright bar axle 670 long with R-clips; M8 bolts through cheeks and flanges,Local steel stockholder and timber merchant,73.00,make,Indicative price; fits doorways 0.70 m and wider and thresholds up to 110 mm
20 Bridles,2,"Each set: four bow shackles WLL 1,000 kg with 19 mm pins; 2.4 m of 8 mm grade 30 chain in four legs; two pear rings 56 mm",Lifting gear supplier,54.00,buy,"Indicative price per set, one set per box; the second set is the same as the first (USD 54); front bridle to the pull or return rope, rear bridle to the tail rope"
21 Fasteners,1,"Four M14 x 50 and four M12 x 45 bolts, nuts and washers (8.8, zinc) for the bearings; eight M10 x 70 and four M12 x 70 bolts (8.8, zinc) with nyloc nuts and washers for the frame cross members; two M6 screws for the guard; twelve M8 x 40 bolts for the ramp; spare R-clips and split pins",Fastener supplier,33.00,buy,Indicative price: USD 25 as before plus USD 8 for the twelve frame bolts (about USD 0.65 each with nut and washers)
22 Stop signal and briefing card,1,Laminated A5 card with the hand signals and stop rule; two whistles; two high-visibility armbands for the signaller and the crank lead,Print shop and safety supplier,15.00,buy,Indicative price; card wording in SLH-PRC-001 and SLH-BLD-001
23 Paint and consumables,1,Zinc-rich primer and paint; welding wire or electrodes; grinding and cutting discs; marking paint,Hardware store,45.00,buy,Indicative price; USD 5 more than before for priming and painting the second box
